{"mae": 1.103598508514032, "rmse": 1.723828238495231, "mape": 3.014577525018056}