{"mae": 1.183135414473986, "rmse": 1.7438789422880223, "mape": 3.283924723880851}