{"mae": 1.2239053499588552, "rmse": 1.8818055741588258, "mape": 3.310626034734315}